Workbook

Sheet Dashboard y Resumen
B2: AUDITORÍA DE REQUISITOS DE SOFTWARE
B3: Dashboard de Control de Calidad e Indicadores de Cumplimiento
B5: Nombre del Proyecto: | C5: Sistema de Gestión de Resultados de Aprendizaje (RA) | J5: Categoría de Evaluación | K5: Total Ítems | L5: Cumple | M5: No Cumple | N5: N/A | O5: Pendiente | P5: % Cumplimiento
B6: Evaluador / Auditor: | C6: ANDRES FELIPE VELEZ - Grupo A | J6: Requisitos Funcionales (RF) | K6: =SUM(C11:C13) -> 24 | L6: =SUM(D11:D13) -> 24 | M6: =SUM(E11:E13) -> 0 | N6: =SUM(F11:F13) -> 0 | O6: =SUM(G11:G13) -> 0 | P6: =IF(K6-N6>0, L6/(K6-N6), 0) -> 1
B7: Fecha de Evaluación: | C7: 11/08/2026 | J7: Requisitos No Funcionales (RNF) | K7: ='Requisitos No Funcionales'!D18 -> 12 | L7: ='Requisitos No Funcionales'!D19 -> 11 | M7: ='Requisitos No Funcionales'!D20 -> 0 | N7: ='Requisitos No Funcionales'!D21 -> 0 | O7: ='Requisitos No Funcionales'!D22 -> 1 | P7: =IF(K7-N7>0, L7/(K7-N7), 0) -> 0.91666667
B8: Versión del Sistema: | C8: 1 | J8: TOTAL GLOBAL | K8: =K6+K7 -> 36 | L8: =L6+L7 -> 35 | M8: =M6+M7 -> 0 | N8: =N6+N7 -> 0 | O8: =O6+O7 -> 1 | P8: =IF(K8-N8>0, L8/(K8-N8), 0) -> 0.97222222
B10: Categoría de Evaluación | C10: Total Ítems | D10: Cumple | E10: No Cumple | F10: N/A | G10: Pendiente | H10: % Cumplimiento
B11: Requisitos Funcionales (RF1) | C11: ='Requisitos Funcionales'!G7 -> 8 | D11: ='Requisitos Funcionales'!G8 -> 8 | E11: ='Requisitos Funcionales'!G9 -> 0 | F11: ='Requisitos Funcionales'!G10 -> 0 | G11: ='Requisitos Funcionales'!G11 -> 0 | H11: =IF(C11-F11>0, D11/(C11-F11), 0) -> 1
B12: Requisitos Funcionales (RF2) | C12: ='Requisitos Funcionales'!G18 -> 8 | D12: ='Requisitos Funcionales'!G19 -> 8 | E12: ='Requisitos Funcionales'!G20 -> 0 | F12: ='Requisitos Funcionales'!G21 -> 0 | G12: ='Requisitos Funcionales'!G22 -> 0 | H12: =IF(C12-F12>0, D12/(C12-F12), 0) -> 1
B13: Requisitos Funcionales (RF3) | C13: ='Requisitos Funcionales'!G29 -> 8 | D13: ='Requisitos Funcionales'!G30 -> 8 | E13: ='Requisitos Funcionales'!G31 -> 0 | F13: ='Requisitos Funcionales'!G32 -> 0 | G13: ='Requisitos Funcionales'!G33 -> 0 | H13: =IF(C13-F13>0, D13/(C13-F13), 0) -> 1

Sheet Requisitos Funcionales
A2: LISTA DE CHEQUEO: REQUISITOS FUNCIONALES (RF)
A3: Evalúa si el requisito define adecuadamente QUÉ debe hacer el sistema (entradas, salidas, actores y reglas).
A4: REQUISITO - CODIGO
A5: Módulo de Autenticación, Seguridad y Usuarios
A6: ID | B6: Criterio de Calidad | C6: Pregunta de Verificación / Control | D6: Estado | E6: Observaciones / Plan de Acción | F6: Total | H6: Cumplimiento
A7: RF-CHK-01 | B7: Claridad y Unicidad | C7: ¿El requisito está escrito en un lenguaje claro, conciso y sin ambigüedades? | D7: Cumple | E7: Está redactado súper claro; no hay confusiones sobre cómo se inicia sesión ni sobre las responsabilidades de los 3 roles del sistema. | F7: Total Ítems Evaluados | G7: =COUNTA(D7:D14) -> 8 | H7: =IF(G7-G10>0, G8/(G7-G10), 0) -> 1
A8: RF-CHK-02 | B8: Rol / Actor Definido | C8: ¿Se especifica claramente quién o qué sistema ejecuta la acción (ej. Administrador, Cliente, API)? | D8: Cumple | E8: Especifican perfectamente que el Administrador gestiona usuarios y que cada rol (Docente/Estudiante) tiene sus vistas limitadas. | F8: Total Cumple | G8: =COUNTIF(D7:D14, "Cumple") -> 8
A9: RF-CHK-03 | B9: Comportamiento / Entradas y Salidas | C9: ¿Quedan claras las entradas requeridas (datos de origen) y las salidas/resultados esperados? | D9: Cumple | E9: Queda clarísimo que entran correo y contraseña, y la salida es la sesión activa o la alerta de credenciales inválidas. | F9: Total No Cumple | G9: =COUNTIF(D7:D14, "No Cumple") -> 0
A10: RF-CHK-04 | B10: Reglas de Negocio | C10: ¿Incluye o hace referencia explícita a las validaciones y restricciones de negocio aplicables? | D10: Cumple | E10: Contempla las reglas clave, como que los usuarios no se eliminan físicamente sino que se inactivan para no perder el historial. | F10: Total N/A | G10: =COUNTIF(D7:D14, "N/A") -> 0
A11: RF-CHK-05 | B11: Manejo de Excepciones | C11: ¿Define el comportamiento del sistema ante fallas, errores de usuario o datos inválidos? | D11: Cumple | E11: Maneja bien las excepciones; ante fallos de inicio de sesión muestra mensaje genérico y si se vence el enlace de recuperación pide generar otro. | F11: Total Pendiente | G11: =COUNTIF(D7:D14, "Pendiente") -> 0
A12: RF-CHK-06 | B12: Verificabilidad / Testabilidad | C12: ¿Es posible redactar un caso de prueba cuantitativo o un criterio de aceptación claro? | D12: Cumple | E12: Es facilísimo de probar; se pueden armar casos de prueba para cada rol y verificar la expiración a los 15 minutos del enlace.
A13: RF-CHK-07 | B13: Consistencia y Trazabilidad | C13: ¿El requisito es coherente con el resto del sistema y permite rastrear su origen y estado? | D13: Cumple | E13: Mantiene coherencia con el requisito de seguridad (RF-23), exigiendo registro de logs de auditoría para la creación y cambio de usuarios.
A14: RF-CHK-08 | B14: Atomicidad | C14: ¿Describe una sola funcionalidad y no una combinación compleja que deba separarse? | D14: Cumple | E14: Cada requisito aborda una sola función específica (autenticar, autorizar, crear usuario, recuperar clave) sin mezclar procesos.
A15: REQUISITO - CODIGO
A16: Módulo de Gestión Académica y Calificación por Ras
A17: ID | B17: Criterio de Calidad | C17: Pregunta de Verificación / Control | D17: Estado | E17: Observaciones / Plan de Acción | F17: Total | H17: Cumplimiento
A18: RF-CHK-01 | B18: Claridad y Unicidad | C18: ¿El requisito está escrito en un lenguaje claro, conciso y sin ambigüedades? | D18: Cumple | E18: La lógica de evaluación por RAs está explicada detalladamente, sin dejar dudas de cómo se calcula la nota de cada asignatura. | F18: Total Ítems Evaluados | G18: =COUNTA(D18:D25) -> 8 | H18: =IF(G18-G21>0, G19/(G18-G21), 0) -> 1
A19: RF-CHK-02 | B19: Rol / Actor Definido | C19: ¿Se especifica claramente quién o qué sistema ejecuta la acción (ej. Administrador, Cliente, API)? | D19: Cumple | E19: Define claramente que el docente planifica y registra notas, el Administrador crea las asignaturas y el estudiante consulta notas. | F19: Total Cumple | G19: =COUNTIF(D18:D25, "Cumple") -> 8
A20: RF-CHK-03 | B20: Comportamiento / Entradas y Salidas | C20: ¿Quedan claras las entradas requeridas (datos de origen) y las salidas/resultados esperados? | D20: Cumple | E20: Súper claro: entran las notas por actividad (0.0 a 5.0) y salen el promedio del RA y la clasificación de desempeño (Bajo a Superior). | F20: Total No Cumple | G20: =COUNTIF(D18:D25, "No Cumple") -> 0
A21: RF-CHK-04 | B21: Reglas de Negocio | C21: ¿Incluye o hace referencia explícita a las validaciones y restricciones de negocio aplicables? | D21: Cumple | E21: Incluye validaciones estrictas, como que los porcentajes de las actividades de un RA sumen exactamente el 100% y la escala de 0.0 a 5.0. | F21: Total N/A | G21: =COUNTIF(D18:D25, "N/A") -> 0
A22: RF-CHK-05 | B22: Manejo de Excepciones | C22: ¿Define el comportamiento del sistema ante fallas, errores de usuario o datos inválidos? | D22: Cumple | E22: Bloquea el guardado si la suma no da el 100% o si se intenta ingresar una nota fuera de rango (ej. 6.0), mostrando la alerta requerida. | F22: Total Pendiente | G22: =COUNTIF(D18:D25, "Pendiente") -> 0
A23: RF-CHK-06 | B23: Verificabilidad / Testabilidad | C23: ¿Es posible redactar un caso de prueba cuantitativo o un criterio de aceptación claro? | D23: Cumple | E23: Muy verificable; se pueden hacer pruebas cuantitativas con valores borde y comprobar los cálculos ponderados automáticamente.
A24: RF-CHK-07 | B24: Consistencia y Trazabilidad | C24: ¿El requisito es coherente con el resto del sistema y permite rastrear su origen y estado? | D24: Cumple | E24: Excelente trazabilidad; se vincula directo con el módulo de observaciones por nota del docente y los contra-comentarios del estudiante.
A25: RF-CHK-08 | B25: Atomicidad | C25: ¿Describe una sola funcionalidad y no una combinación compleja que deba separarse? | D25: Cumple | E25: Separa de manera independiente la planeación de actividades, el registro de notas y el cálculo automático por RA.
A26: REQUISITO - CODIGO
A27: Módulo de Planes de Mejora, Estadísticas y Reportes
A28: ID | B28: Criterio de Calidad | C28: Pregunta de Verificación / Control | D28: Estado | E28: Observaciones / Plan de Acción | F28: Total | H28: Cumplimiento
A29: RF-CHK-01 | B29: Claridad y Unicidad | C29: ¿El requisito está escrito en un lenguaje claro, conciso y sin ambigüedades? | D29: Cumple | E29: La especificación de los reportes y planes de mejora es transparente y deja claro qué datos se deben visualizar por grupo. | F29: Total Ítems Evaluados | G29: =COUNTA(D29:D36) -> 8 | H29: =IF(G29-G32>0, G30/(G29-G32), 0) -> 1
A30: RF-CHK-02 | B30: Rol / Actor Definido | C30: ¿Se especifica claramente quién o qué sistema ejecuta la acción (ej. Administrador, Cliente, API)? | D30: Cumple | E30: Se indica bien el alcance por rol: docente ve sus asignaturas, estudiante ve sus resultados individuales y admin consulta consolidados. | F30: Total Cumple | G30: =COUNTIF(D29:D36, "Cumple") -> 8
A31: RF-CHK-03 | B31: Comportamiento / Entradas y Salidas | C31: ¿Quedan claras las entradas requeridas (datos de origen) y las salidas/resultados esperados? | D31: Cumple | E31: Define claramente las entradas (filtros por periodo/asignatura) y la salida esperada en gráficas estadísticas o reportes en PDF. | F31: Total No Cumple | G31: =COUNTIF(D29:D36, "No Cumple") -> 0
A32: RF-CHK-04 | B32: Reglas de Negocio | C32: ¿Incluye o hace referencia explícita a las validaciones y restricciones de negocio aplicables? | D32: Cumple | E32: Establece las condiciones para habilitar los planes de mejora a estudiantes que obtengan niveles de desempeño Bajo o Básico. | F32: Total N/A | G32: =COUNTIF(D29:D36, "N/A") -> 0
A33: RF-CHK-05 | B33: Manejo de Excepciones | C33: ¿Define el comportamiento del sistema ante fallas, errores de usuario o datos inválidos? | D33: Cumple | E33: Si una búsqueda de estudiantes no arroja resultados o la exportación a PDF se interrumpe, el sistema notifica al usuario adecuadamente. | F33: Total Pendiente | G33: =COUNTIF(D29:D36, "Pendiente") -> 0
A34: RF-CHK-06 | B34: Verificabilidad / Testabilidad | C34: ¿Es posible redactar un caso de prueba cuantitativo o un criterio de aceptación claro? | D34: Cumple | E34: Muy fácil de validar comparando los gráficos y el archivo PDF generado contra la información de notas guardada en la BD.
A35: RF-CHK-07 | B35: Consistencia y Trazabilidad | C35: ¿El requisito es coherente con el resto del sistema y permite rastrear su origen y estado? | D35: Cumple | E35: Se conecta perfectamente con el historial de cambios (RF-22) y el análisis de observaciones de periodos anteriores.
A36: RF-CHK-08 | B36: Atomicidad | C36: ¿Describe una sola funcionalidad y no una combinación compleja que deba separarse? | D36: Cumple | E36: Diferencia de forma limpia la función de búsqueda, el módulo de gráficos estadísticos y la descarga de reportes en PDF.

Sheet Requisitos No Funcionales
A2: LISTA DE CHEQUEO: REQUISITOS NO FUNCIONALES (RNF)
A3: Evalúa la calidad del atributo CÓMO debe comportarse el sistema (rendimiento, seguridad, escalabilidad, etc.).
A5: ID | B5: Atributo de Calidad / Criterio | C5: Pregunta de Verificación / Control | D5: Estado | E5: Observaciones / Plan de Acción
A6: RNF-CHK-01 | B6: Cuantificabilidad (Medible) | C6: ¿Usa métricas objetivas numéricas en lugar de adjetivos vagos (ej. '< 2s' vs 'rápido')? | D6: Cumple | E6: El documento está súper completo en esto; no pusieron cosas vagas como 'que cargue rápido', sino que fijaron tiempos exactos en segundos (4s carga, 3s cálculo, 9s PDF) y porcentajes concretos.
A7: RNF-CHK-02 | B7: Rendimiento y Eficiencia | C7: ¿Define tiempos máximos de respuesta, latencia o rendimiento de procesamiento (TPS)? | D7: Cumple | E7: Se nota que se tomaron el trabajo de medir cada acción principal del sistema, especificando cuántos segundos debe tardar la interfaz al calcular notas, hacer búsquedas y generar reportes.
A8: RNF-CHK-03 | B8: Escalabilidad y Carga | C8: ¿Especifica cantidad de usuarios concurrentes, volumen de datos o peticiones por segundo? | D8: Cumple | E8: Cumple al definir la meta de 50 usuarios al mismo tiempo y el comportamiento en época de cierre de notas, aunque faltó detallar un poco el volumen máximo de registros en la base de datos.
A9: RNF-CHK-04 | B9: Seguridad y Privacidad | C9: ¿Incluye autenticación, autorización, cifrado (tránsito/reposo) y normas (GDPR/Habeas Data)? | D9: Cumple | E9: Está bien blindado; incluyeron cifrado de contraseñas, roles de usuario (Admin, Docente, Estudiante), HTTPS obligatorio y hasta la Ley 1581 de protección de datos personales.
A10: RNF-CHK-05 | B10: Disponibilidad y Confiabilidad | C10: ¿Establece % de disponibilidad (SLA, ej. 99.9%), MTBF y tiempo de recuperación (MTTR)? | D10: Cumple | E10: Fijaron un 95% de disponibilidad en semestre activo y un máximo de 4 horas para recuperarse si ocurre un fallo (MTTR), aunque no mencionaron explícitamente el indicador MTBF.
A11: RNF-CHK-06 | B11: Usabilidad y Accesibilidad | C11: ¿Especifica criterios de diseño de interfaz, experiencia móvil o normas WCAG 2.1? | D11: Pendiente | E11: Mencionan que la página debe ser responsive para celulares, tablets y PC, pero quedó pendiente incluir normas de accesibilidad web tipo WCAG para usuarios con limitaciones visuales.
A12: RNF-CHK-07 | B12: Mantenibilidad y Arquitectura | C12: ¿Establece estándares de código, uso de contenedores (Docker), tests o docs de API? | D12: Cumple | E12: Quedó muy clara la arquitectura por capas y el uso de Git con código documentado en español, aunque para producción valdría la pena considerar el uso de Docker.
A13: RNF-CHK-08 | B13: Compatibilidad e Integración | C13: ¿Define entornos, navegadores, SO o APIs de terceros con los que debe operar? | D13: Cumple | E13: Detallaron bien los navegadores soportados (Chrome, Firefox, Edge) y que corre en servidores Windows o Linux sin exigir instalaciones raras en el cliente.
A14: RNF-CHK-09 | B14: Fiabilidad y Tolerancia a Fallos | C14: ¿Especifica la preservación de datos en caso de caídas, la integridad transaccional y el manejo controlado de errores sin exponer trazas técnicas? | D14: Cumple | E14: Quedó bien definido que ante un fallo el sistema conserva los datos registrados y le muestra un mensaje claro al usuario sin soltar la traza ni código feo de la base de datos.
A15: RNF-CHK-10 | B15: Cumplimiento Legal y Normativo | C15: ¿Define explícitamente el cumplimiento de la legislación sobre tratamiento y protección de datos personales (Habeas Data / Ley 1581 de 2012)? | D15: Cumple | E15: Súper bien alineado con la normatividad colombiana de tratamiento de datos personales, garantizando que la información académica sólo la consulte quien tiene permiso.
A16: RNF-CHK-11 | B16: Restricciones Tecnológicas y Licenciamiento | C16: ¿Establece claramente las restricciones de desarrollo referentes al uso exclusivo de tecnologías de código abierto/gratuitas y el stack tecnológico base? | D16: Cumple | E16: Tienen súper claras las reglas del proyecto: backend en Java, frontend en Angular y BD en Postgres, asegurando que todo sea 100% de uso libre sin pagar licencias.
A17: RNF-CHK-12 | B17: Auditabilidad y Registro de Actividad (Logs) | C17: ¿Especifica la generación obligatoria de registros de auditoría (logs) para el seguimiento de acciones críticas en el sistema? | D17: Cumple | E17: Muy bien pensado; dejaron indicado que cualquier cambio sensible como crear o editar usuarios, notas o asignaturas guardará un log de auditoría para saber qué pasó.
C18: Total Ítems Evaluados | D18: =COUNTA(D6:D17) -> 12
C19: Total Cumple | D19: =COUNTIF(D6:D17, "Cumple") -> 11
C20: Total No Cumple | D20: =COUNTIF(D6:D17, "No Cumple") -> 0
C21: Total N/A | D21: =COUNTIF(D6:D17, "N/A") -> 0
C22: Total Pendiente | D22: =COUNTIF(D6:D17, "Pendiente") -> 1

Sheet Ejemplos Prácticos
A2: GUÍA Y EJEMPLOS PRÁCTICOS DE APLICACIÓN
A3: Comparativa entre redacciones defectuosas y corregidas listas para pasar el checklist.
A5: Tipo de Requisito | B5: ID | C5: Redacción Defectuosa (❌) | D5: Análisis del Problema | E5: Redacción Corregida (✅) | F5: Pasa Checklist
A6: Requisito Funcional (RF) | B6: RF-012 | C6: El sistema debe permitir gestionar facturas. | D6: Ambiguo, no es atómico, no especifica actor, entradas, salidas ni excepciones. | E6: El usuario con rol 'Contador' podrá emitir una factura en formato PDF a partir de una orden de compra en estado 'Aprobada'. Si la orden está 'Pendiente', el sistema debe mostrar el mensaje de error: 'No es posible facturar órdenes no aprobadas'. | F6: Sí (100%)
A7: Requisito No Funcional (RNF) | B7: RNF-004 | C7: La aplicación debe cargar muy rápido y ser segura. | D7: Subjetivo, impreciso, no medible cuantitativamente ni verificable. | E7: El tiempo de respuesta del endpoint de autenticación /api/login no debe superar los 800 milisegundos bajo una carga simulada de 500 usuarios concurrentes, utilizando cifrado TLS 1.3 para la transmisión de credenciales. | F7: Sí (100%)
A8: Requisito Funcional (RF) | B8: RF-015 | C8: El sistema debe buscar clientes. | D8: Falta definir criterios de búsqueda, campos devueltos, límites de resultados y permisos. | E8: El usuario 'Asesor Comercial' podrá buscar clientes ingresando su NIF o nombre. El sistema devolverá una lista paginada (10 por página) con Nombre, NIF, Teléfono y Estado. Si no se hallan registros, mostrará 'Sin coincidencias'. | F8: Sí (100%)
A9: Requisito No Funcional (RNF) | B9: RNF-008 | C9: El sistema debe tener alta disponibilidad. | D9: No especifica métrica de tiempo de actividad ni métrica de recuperación ante fallos. | E9: El sistema debe mantener una disponibilidad del 99.9% anual (SLA), con un Tiempo Máximo de Recuperación (MTTR) no superior a 30 minutos en caso de caída crítica de la infraestructura. | F9: Sí (100%)
